50.005483760953737,-1.0000000000000182,0.18678528522823932E-2,0.10523097182340490E-2,0.0000000000000000,0.93514355419692056E-5,0.31167405152183688E-4,0.28304501348929180E-5,0.0000000000000000,0.15079463613665306E-5,0.0000000000000000,0.11640424592423579E-6,0.0000000000000000
50.005483760953737,-0.99477900663435936,0.18678514651760876E-2,0.61075622696226434E-1,-0.10018578192005046E-6,-0.22755947679639691E-3,0.30982220098165194E-4,0.41905191910685336E-2,0.75979057332742126E-7,0.90939702118077929E-4,-0.15924739350558180E-5,-0.15219301842550437E-4,0.67472621154303211E-7
50.005483760953737,-0.98411625420582682,0.18643428434463442E-2,0.17766482106657933,-0.21504193872889804E-6,-0.75937797408355556E-3,0.30981688017784354E-4,0.35222286516884457E-1,0.38300098627801539E-5,0.51845588807490205E-3,-0.44425888608017514E-4,-0.16746769535597378E-3,0.10665068020173491E-5
50.005483760953737,-0.97143929654826611,0.18452038696784086E-2,0.30543224418068088,-0.25220004263706771E-6,-0.15048592860133648E-2,0.31317835799230158E-4,0.10337486278397146,0.24436354716998160E-4,0.11309281791786938E-2,-0.22347182114986798E-3,-0.61031990774473291E-3,0.41280563003787150E-5
50.005483760953737,-0.96077654411966740,0.18102177505644700E-2,0.40392788681991731,-0.38407159544024435E-6,-0.22419809838856654E-2,0.31872038485567959E-4,0.17951201436059483,0.61284576312021697E-4,0.16367822903495827E-2,-0.49448789196384539E-3,-0.12393776476001049E-2,0.97367897185782371E-5
50.005483760953737,-0.95555555075409693,0.17859028951893287E-2,0.44930460583658594,-0.29547811995746731E-6,-0.26266111984379684E-2,0.32173092994365895E-4,0.22121937806306533,0.86360683556787284E-4,0.18825304452793016E-2,-0.65686984609858120E-3,-0.16282202305691522E-2,0.14259337985438179E-4
50.005483760953737,-0.95555555075409759,0.17859028951893339E-2,0.44930460583658727,-0.29547811995875480E-6,-0.26266111984379740E-2,0.32173092994365956E-4,0.22121937806306571,0.86360683556787487E-4,0.18825304452793051E-2,-0.65686984609858315E-3,-0.16282202305691502E-2,0.14259337985438113E-4
50.005483760953737,-0.95033455738846639,0.17569037974150493E-2,0.49184665860691795,-0.20983393932239394E-6,-0.30046746306421944E-2,0.32495830944348207E-4,0.26394038968194189,0.11628616232397892E-3,0.21239782175740485E-2,-0.82803023966487009E-3,-0.20507810614347230E-2,0.20253749838052856E-4
50.005483760953737,-0.93967180495987579,0.16833134037191500E-2,0.56790375866255682,-0.12236797684622887E-6,-0.36711353555934790E-2,0.33203126288518089E-4,0.34864804078187728,0.19120649731582369E-3,0.25835999145500167E-2,-0.11769499381954623E-2,-0.29213863662515037E-2,0.36421911290894507E-4
50.005483760953737,-0.92699484730232418,0.15712890253431174E-2,0.64273716432878802,0.20130384823860968E-6,-0.41698064738849476E-2,0.34148970389745344E-4,0.44209111140736929,0.30274173934585042E-3,0.30759734771397319E-2,-0.15631318128048904E-2,-0.38112072173924674E-2,0.60501092448400154E-4
50.005483760953737,-0.91633209487377276,0.14610081837688523E-2,0.69634961795236450,0.28103417592839674E-6,-0.42503005981230557E-2,0.34976871565319006E-4,0.51489163452760678,0.41169326742957217E-3,0.34447758770451025E-2,-0.18393987463906523E-2,-0.43084922781576078E-2,0.82074366770402935E-4
50.005483760953737,-0.91111110150814656,0.14035565387943707E-2,0.71990335932537897,0.34432392311846676E-6,-0.41652010822159783E-2,0.35383907775504814E-4,0.54834231120296140,0.46859232544043202E-3,0.36069820042480749E-2,-0.19530582661986557E-2,-0.44408694861265228E-2,0.92155440236660278E-4
50.005483760953737,-0.91111110150814456,0.14035565387943475E-2,0.71990335932536920,0.34432392310795000E-6,-0.41652010822159219E-2,0.35383907775504421E-4,0.54834231120295440,0.46859232544042655E-3,0.36069820042480272E-2,-0.19530582661986332E-2,-0.44408694861264768E-2,0.92155440236659560E-4
50.005483760953737,-0.89582105132182432,0.12235111968965057E-2,0.77582028048014950,-0.39157690224047356E-6,-0.35686175761214935E-2,0.36486442361009317E-4,0.63117741877513001,0.64988073582202173E-3,0.39502854415215836E-2,-0.22171807632240968E-2,-0.44171951861948621E-2,0.11590796666848018E-3
50.005483760953737,-0.86459442291219957,0.82819169469640786E-3,0.85193649855419040,0.52504281649299895E-6,-0.12097392218560522E-2,0.38414964659396541E-4,0.75139482431927251,0.10455242405168221E-2,0.42840894855821834E-2,-0.25695201483114214E-2,-0.27989225836108217E-2,0.13721411658897597E-3
50.005483760953737,-0.82746905131713300,0.36215373894848523E-3,0.90946530744684484,-0.45367187468802351E-6,0.28254838140413636E-2,0.39913227955527903E-4,0.84784332160820086,0.15112001771149454E-2,0.45648753839382600E-2,-0.27726642304156104E-2,0.10967942073586518E-2,0.12833960360318579E-3
50.005483760953737,-0.79624242290752700,0.19138009279118332E-4,0.94308951349112247,0.23494278442236054E-6,0.62853777881219982E-2,0.40876931531537162E-4,0.90682813072390533,0.18564898504199929E-2,0.48763646571136025E-2,-0.28414323620307210E-2,0.49554530327462929E-2,0.10698734005831195E-3
50.005483760953737,-0.78095237272128470,-0.12509200702624703E-3,0.95714362306875012,-0.30793648665337035E-6,0.78035547624300209E-2,0.41136195347272430E-4,0.93225896441057721,0.20006618718342254E-2,0.50167415741945356E-2,-0.28609390509273442E-2,0.67491739960321350E-2,0.10006625358115296E-3
50.005483760953737,-0.78095237272128482,-0.12509200702624741E-3,0.95714362306874867,-0.30793648664729882E-6,0.78035547624299897E-2,0.41136195347272376E-4,0.93225896441057587,0.20006618718342241E-2,0.50167415741945286E-2,-0.28609390509273325E-2,0.67491739960321238E-2,0.10006625358115282E-3
50.005483760953737,-0.76566232253493915,-0.25541546172598193E-3,0.96944593651943434,-0.17055759799172558E-6,0.91686335640364363E-2,0.41426018211130276E-4,0.95478868931548555,0.21331242748964087E-2,0.51161634299351829E-2,-0.28505350153955437E-2,0.83661552942736004E-2,0.95010219278475830E-4
50.005483760953737,-0.73443569412534626,-0.47697385691528949E-3,0.99005342018485665,0.70721602801401828E-7,0.11346273888009430E-1,0.41473867147118462E-4,0.99318304629701171,0.23565370035705537E-2,0.51633254384264131E-2,-0.28125283839261156E-2,0.10897183061974475E-1,0.86653692580342345E-4
50.005483760953737,-0.69731032253026659,-0.67842737365267011E-3,1.0096720924585161,-0.15397453037102951E-6,0.12729378480962868E-1,0.40733382712250804E-4,1.0306069873591197,0.25581028009508482E-2,0.51036921313124470E-2,-0.27571101693971809E-2,0.12569251875147944E-1,0.63745951426654970E-4
50.005483760953737,-0.66608369412066826,-0.80799424168953062E-3,1.0231844023224004,0.17480649071722858E-6,0.12832201934673075E-1,0.39702928099497300E-4,1.0569288768947311,0.26869328238330725E-2,0.50205243482412676E-2,-0.27181069758687587E-2,0.12888950447119541E-1,0.33246363525249094E-4
50.005483760953737,-0.65079364393438244,-0.86554817641366130E-3,1.0290265988475817,-0.34416641710925504E-6,0.12574447701360725E-1,0.39215408898350505E-4,1.0684220801726791,0.27442245708831359E-2,0.49481344183000195E-2,-0.26923480062274129E-2,0.12726886673639212E-1,0.16762984871774757E-4
50.005483760953737,-0.65079364393438144,-0.86554817641365718E-3,1.0290265988475760,-0.34416641710578559E-6,0.12574447701360660E-1,0.39215408898350288E-4,1.0684220801726734,0.27442245708831229E-2,0.49481344182999917E-2,-0.26923480062273912E-2,0.12726886673639134E-1,0.16762984871774730E-4
50.005483760953737,-0.63550359374808729,-0.92383940261644688E-3,1.0343699992838826,0.22286969354203510E-6,0.12112105547567307E-1,0.38879629001126925E-4,1.0789826685110084,0.28022392971274591E-2,0.48482171085272290E-2,-0.26546740544583021E-2,0.12351595061355417E-1,0.26791549829295484E-5
50.005483760953737,-0.60427696533847175,-0.10371488525654812E-2,1.0438759305754481,-0.24611126326072770E-6,0.10662514351290254E-1,0.38239134144010920E-4,1.0979275647076605,0.29157474011769131E-2,0.46106843766014760E-2,-0.25615447387123623E-2,0.11008866469935211E-1,-0.98902175990192054E-5
50.005483760953737,-0.56715159374340263,-0.11407278950715046E-2,1.0540627753750527,0.30230951991532494E-6,0.82212215688349244E-2,0.37445053596877551E-4,1.1186299047682740,0.30198452486499003E-2,0.42985017141494381E-2,-0.24504612777321794E-2,0.85646367088256375E-2,0.58858049039574337E-5
50.005483760953737,-0.53592496533378209,-0.11857631753791811E-2,1.0623255767690267,-0.20898755105874627E-6,0.59784627151194883E-2,0.36491554402033992E-4,1.1357314140508472,0.30647807795637950E-2,0.40155357348061194E-2,-0.23712361559558425E-2,0.62651810250437196E-2,0.30099680522628135E-4
50.005483760953737,-0.52063491514750504,-0.11935439717185655E-2,1.0664055088010005,0.29817861560183130E-6,0.49416653539078982E-2,0.35882658995379404E-4,1.1442476400347910,0.30724994812920481E-2,0.38777458032838610E-2,-0.23316996173686597E-2,0.51951355713668350E-2,0.38445718141372055E-4
50.005483760953737,-0.52063491514750426,-0.11935439717185659E-2,1.0664055088010000,0.29817861560204814E-6,0.49416653539078956E-2,0.35882658995379411E-4,1.1442476400347912,0.30724994812920464E-2,0.38777458032838615E-2,-0.23316996173686553E-2,0.51951355713668367E-2,0.38445718141372529E-4
50.005483760953737,-0.50534486496121200,-0.11936454750343696E-2,1.0704395389699730,-0.84532270842223659E-7,0.40083001000890172E-2,0.35239250945339682E-4,1.1526982889263744,0.30729579505719275E-2,0.37503352785596086E-2,-0.22880576032085088E-2,0.42249718573970953E-2,0.42147125603922569E-4
50.005483760953737,-0.47411823655159435,-0.11670699660516707E-2,1.0782153025810350,0.88583215770684023E-7,0.25887203643315485E-2,0.33637254956638067E-4,1.1691157685626197,0.30460160725753671E-2,0.35440979210058210E-2,-0.21992317833403538E-2,0.27341744040984355E-2,0.42096203190556325E-4
50.005483760953737,-0.43699286495653245,-0.10839047189675059E-2,1.0869923534571124,-0.66855125999912973E-7,0.17819771104701622E-2,0.31419200627732979E-4,1.1878868641530951,0.29623340999968104E-2,0.33678773388106775E-2,-0.21031012431786998E-2,0.19140882853374334E-2,0.27233436389713036E-4
50.005483760953737,-0.40576623654692218,-0.97049858822670994E-3,1.0941591689845880,0.15339624383887106E-6,0.16575272637593592E-2,0.29274111346162194E-4,1.2033993770076759,0.28481698822584284E-2,0.32388863518161507E-2,-0.20341442339628156E-2,0.18545368303792471E-2,-0.49846725277784469E-5
50.005483760953737,-0.39047618636064219,-0.90345467187558104E-3,1.0976825069368763,-0.68633588139839150E-7,0.16891603218598420E-2,0.28145052447135646E-4,1.2110790993129814,0.27808112148425363E-2,0.31741142216396363E-2,-0.20046013921163584E-2,0.19273998607962964E-2,-0.27014021203308860E-4
50.005483760953737,-0.39047618636064241,-0.90345467187558136E-3,1.0976825069368770,-0.68633588136803383E-7,0.16891603218598403E-2,0.28145052447135670E-4,1.2110790993129821,0.27808112148425389E-2,0.31741142216396376E-2,-0.20046013921163619E-2,0.19273998607962995E-2,-0.27014021203309029E-4
50.005483760953737,-0.37518613617433488,-0.83275049801487450E-3,1.1011491162768461,-0.86333747350772483E-7,0.17301413078912838E-2,0.27001239187946167E-4,1.2186611003772008,0.27096028063415536E-2,0.31124275752033781E-2,-0.19726176958033701E-2,0.20081085008727189E-2,-0.52345207234618979E-4
50.005483760953737,-0.34395950776472312,-0.67925426049594102E-3,1.1078623815771285,0.10170121960870974E-6,0.17517790213389039E-2,0.24601669769974512E-4,1.2334346955967788,0.25548526773705952E-2,0.30122294740208095E-2,-0.19066533401554783E-2,0.20963053427709099E-2,-0.10362425892302805E-3
50.005483760953737,-0.30683413616964650,-0.49437352701142971E-3,1.1156982607759702,-0.84728880952685860E-7,0.16526680800240303E-2,0.21863094269263738E-4,1.2507160301803821,0.23692531848711800E-2,0.29257195239499600E-2,-0.18111057538169463E-2,0.20410687432667524E-2,-0.15022813269078680E-3
50.005483760953737,-0.27560750776003679,-0.35267511275798762E-3,1.1225140769891535,0.79129927147271548E-7,0.15363725500454626E-2,0.19768862418992243E-4,1.2656839248846954,0.22279985694074744E-2,0.28709286547906345E-2,-0.17035335764410096E-2,0.19296257426686405E-2,-0.16640726611635926E-3
50.005483760953737,-0.26031745757375202,-0.29147977539123015E-3,1.1260021533067106,0.15086552938576962E-6,0.14998270794490797E-2,0.18840673692665425E-4,1.2733225664308030,0.21670048165328909E-2,0.28463404181324594E-2,-0.16399038881297137E-2,0.18887464820061331E-2,-0.16612065101227777E-3
50.005483760953737,-0.26031745757375174,-0.29147977539123015E-3,1.1260021533067102,0.15086552938669119E-6,0.14998270794490806E-2,0.18840673692665418E-4,1.2733225664308025,0.21670048165328892E-2,0.28463404181324585E-2,-0.16399038881297120E-2,0.18887464820061314E-2,-0.16612065101227774E-3
50.005483760953737,-0.24502740738745968,-0.23780631533630979E-3,1.1294841550903121,-0.30711643790197257E-6,0.14674631746509808E-2,0.17993477280520358E-4,1.2809340665952853,0.21128824464323182E-2,0.28244352478957830E-2,-0.15690107376793655E-2,0.18446248480299922E-2,-0.16101473812087563E-3
50.005483760953737,-0.21380077897784963,-0.14418556654174076E-3,1.1361569569489314,0.16955337109894825E-6,0.14059589013665516E-2,0.16417074799520075E-4,1.2954967248250362,0.20189290886416908E-2,0.27874027042481949E-2,-0.14134315283174360E-2,0.17379215350248167E-2,-0.13848719836327488E-3
50.005483760953737,-0.17667540738277443,-0.63293978282632398E-4,1.1430889632780001,-0.25840766642437748E-6,0.14775621437859133E-2,0.14930322896839266E-4,1.3106447638552308,0.19378989887277071E-2,0.27047794660936221E-2,-0.12221473809106986E-2,0.17735340384879301E-2,-0.10083694978848113E-3
50.005483760953737,-0.14544877897316780,-0.24550245263483812E-4,1.1478240999126816,0.22535304910413067E-6,0.17998044285908775E-2,0.14162566093252082E-4,1.3210052858605337,0.18989590856731428E-2,0.25749545169580150E-2,-0.10396760325013803E-2,0.21505884798545673E-2,-0.75101849854230946E-4
50.005483760953737,-0.13015872878687579,-0.14627031450355091E-4,1.1497959955907688,-0.17384564657152587E-6,0.20143462838876922E-2,0.13954406509892378E-4,1.3253169684714945,0.18891633212598600E-2,0.24991157678688715E-2,-0.93868950017088326E-3,0.24136213998160296E-2,-0.69028307878101598E-4
50.005483760953737,-0.13015872878687601,-0.14627031450355274E-4,1.1497959955907699,-0.17384564657298954E-6,0.20143462838876931E-2,0.13954406509892390E-4,1.3253169684714954,0.18891633212598613E-2,0.24991157678688741E-2,-0.93868950017088489E-3,0.24136213998160331E-2,-0.69028307878101652E-4
50.005483760953737,-0.11486867860058586,-0.11644310678860898E-4,1.1515290159849187,-0.13513564764395343E-6,0.22183485161041423E-2,0.13846707974922591E-4,1.3291088311501289,0.18855928290921707E-2,0.24233062256148350E-2,-0.82963917710435469E-3,0.26609361344212277E-2,-0.66394956265213053E-4
50.005483760953737,-0.83642050190976452E-1,-0.16228992939160823E-4,1.1542579419146546,0.85179754244322928E-7,0.25509726524340927E-2,0.13811729285837785E-4,1.3351111895462617,0.18895329189011795E-2,0.23018300540084153E-2,-0.59771017585832096E-3,0.30275337392229951E-2,-0.68812101885896399E-4
50.005483760953737,-0.46516678595901285E-1,-0.30535197237168782E-4,1.1563026314846687,-0.10840082232673820E-6,0.28228497594663463E-2,0.13902933545653882E-4,1.3396605242647186,0.19040138466018817E-2,0.22379760182550520E-2,-0.32293810277501505E-3,0.32501908780080413E-2,-0.72902660972859725E-4
50.005483760953737,-0.15290050186291987E-1,-0.46081669635153190E-4,1.1571820361920619,0.12720155755655471E-6,0.28053726784488127E-2,0.13933010621933685E-4,1.3416497833307430,0.19198618634801165E-2,0.22102199992730213E-2,-0.98107443336121884E-4,0.31482542236484770E-2,-0.68921922711699608E-4
50.005483760953737,0.0000000000000000,-0.54921011334904456E-4,1.1573517618179474,-0.32843725746619767E-7,0.26449287165841171E-2,0.13908951535939367E-4,1.3420626286832058,0.19288383672379358E-2,0.21973588701738357E-2,0.10180952673630183E-4,0.29355786229272743E-2,-0.62578950799164874E-4
50.005483760953737,0.0000000000000000,-0.54921011334904781E-4,1.1573517618179490,-0.32843725745481354E-7,0.26449287165841140E-2,0.13908951535939372E-4,1.3420626286832058,0.19288383672379345E-2,0.21973588701738322E-2,0.10180952673628394E-4,0.29355786229272756E-2,-0.62578950799164888E-4
50.005483760953737,0.15290050186291969E-1,-0.65938483787362308E-4,1.1573554908630064,0.13577379320232202E-7,0.23702358464963570E-2,0.13883964735876127E-4,1.3421180200249885,0.19392994894517203E-2,0.21835016495271248E-2,0.11567880675975251E-3,0.26027793415388961E-2,-0.52948554301358958E-4
50.005483760953737,0.46516678595901202E-1,-0.89122101731620244E-4,1.1567345372810225,0.13214116232208428E-6,0.14932731839162317E-2,0.13822112906789623E-4,1.3408609969598886,0.19618622864120659E-2,0.21615243036688858E-2,0.31974292533221783E-3,0.15878137460624653E-2,-0.24427307435618587E-4
50.005483760953737,0.83642050190976369E-1,-0.11597412573467361E-3,1.1550789212593786,-0.14906952739801409E-7,0.16549956579254882E-3,0.13898940079348084E-4,1.3373520011278055,0.19887026594228455E-2,0.21572496558528581E-2,0.54344325270235991E-3,0.10266612731963005E-3,0.17673455602201516E-4
50.005483760953737,0.11486867860058578,-0.14157992281257358E-3,1.1530698437269671,0.14048369737548316E-6,-0.90519133300980426E-3,0.14146561877948367E-4,1.3330050126881416,0.20146466650868763E-2,0.21735516597513600E-2,0.71029527663720761E-3,-0.10636069269843824E-2,0.43251601614695964E-4
50.005483760953737,0.13015872878687562,-0.15656466742836555E-3,1.1518185951600262,0.77700102059353147E-7,-0.13915301476931444E-2,0.14326640628151711E-4,1.3302555696008294,0.20301289145756231E-2,0.21881134921832674E-2,0.78277852200394694E-3,-0.15924950986015837E-2,0.48467712605186172E-4
50.005483760953737,0.13015872878687579,-0.15656466742836614E-3,1.1518185951600277,0.77700102061142081E-7,-0.13915301476931459E-2,0.14326640628151726E-4,1.3302555696008307,0.20301289145756257E-2,0.21881134921832700E-2,0.78277852200394813E-3,-0.15924950986015902E-2,0.48467712605186118E-4
50.005483760953737,0.14544877897316769,-0.17415170003420464E-3,1.1503661051123639,-0.55204277556023841E-8,-0.18434284842447561E-2,0.14569199226828633E-4,1.3270395779643236,0.20475955842327353E-2,0.22071022168247815E-2,0.84967111176224820E-3,-0.20918058514879743E-2,0.48391531808019108E-4
50.005483760953737,0.17667540738277412,-0.21090303360123477E-3,1.1467109076872464,0.15113904662072660E-6,-0.26562281733613570E-2,0.15199224877850632E-4,1.3189008707686343,0.20843139479200332E-2,0.22740863434661928E-2,0.97348960727224759E-3,-0.30201490185831790E-2,0.33557956250619748E-4
50.005483760953737,0.21380077897784922,-0.24895608206348496E-3,1.1410740473097829,-0.47420066406011173E-8,-0.34979874722457613E-2,0.16105449347431435E-4,1.3063615563243280,0.21228331793125008E-2,0.24257271147334974E-2,0.11179915578752781E-2,-0.40174684979618867E-2,-0.21108027130319003E-6
50.005483760953737,0.24502740738745887,-0.27973667988528305E-3,1.1352883387687756,0.14925240228040636E-6,-0.41275228575379883E-2,0.16950688149273579E-4,1.2935481998750653,0.21541808257146628E-2,0.26063113853567539E-2,0.12501564729770456E-2,-0.47519980105913797E-2,-0.29148629223008081E-4
50.005483760953737,0.26031745757375169,-0.29770089355792494E-3,1.1320670798672026,0.22339443801991268E-6,-0.43557187183860995E-2,0.17380492186840315E-4,1.2864365877447084,0.21723146227017086E-2,0.27093027276718653E-2,0.13209209750189342E-2,-0.50050682951794032E-2,-0.39709055360627475E-4
50.005483760953737,0.26031745757375035,-0.29770089355792473E-3,1.1320670798671995,0.22339443801956032E-6,-0.43557187183860891E-2,0.17380492186840268E-4,1.2864365877447046,0.21723146227017038E-2,0.27093027276718579E-2,0.13209209750189353E-2,-0.50050682951793928E-2,-0.39709055360627319E-4
50.005483760953737,0.27560750776003617,-0.32070073911811512E-3,1.1286995181907467,-0.29530044911047913E-6,-0.44712726484335908E-2,0.17857090520418664E-4,1.2790088728185485,0.21954297540475584E-2,0.28151691058167679E-2,0.13910551921929139E-2,-0.51184739866137413E-2,-0.47299763779344860E-4
50.005483760953737,0.30683413616964583,-0.38427199143353449E-3,1.1217158301997401,0.24776505245957493E-6,-0.43166353736878360E-2,0.18949743661566024E-4,1.2636164995309538,0.22585245693558702E-2,0.30285244654730684E-2,0.15375519440002372E-2,-0.48892945601367302E-2,-0.54164855484324851E-4
50.005483760953737,0.34395950776472217,-0.49657490134148003E-3,1.1131170572047342,-0.29923145159603960E-6,-0.37106158278322685E-2,0.20693614209384355E-4,1.2446355344088831,0.23701374541831269E-2,0.32939868800600739E-2,0.17009322511968785E-2,-0.41583769504608637E-2,-0.52102012956097360E-4
50.005483760953737,0.37518613617433494,-0.62169936200953820E-3,1.1054560952385413,0.29868344392355514E-6,-0.30483419783021246E-2,0.22762041105382129E-4,1.2277789600115763,0.24957238456924124E-2,0.34858273051450086E-2,0.18275184990255995E-2,-0.34238693103753035E-2,-0.50089369104298748E-4
50.005483760953737,0.39047618636064230,-0.69152802962702594E-3,1.1014804749831253,-0.31611835426170916E-6,-0.26859382094900903E-2,0.23966203880538707E-4,1.2190789108423754,0.25656662155375664E-2,0.35489473444279642E-2,0.18826949986900203E-2,-0.30425002368072301E-2,-0.52657713241437558E-4
50.005483760953737,0.39047618636064263,-0.69152802962702768E-3,1.1014804749831282,-0.31611835426566650E-6,-0.26859382094901025E-2,0.23966203880538761E-4,1.2190789108423790,0.25656662155375742E-2,0.35489473444279746E-2,0.18826949986900257E-2,-0.30425002368072384E-2,-0.52657713241438093E-4
50.005483760953737,0.40576623654692123,-0.76651414424246502E-3,1.0974445868165574,0.70950189214112440E-7,-0.23392345729090851E-2,0.25278049951939097E-4,1.2102745512280109,0.26409391299403754E-2,0.35865957253090608E-2,0.19312300858491780E-2,-0.26915253956374292E-2,-0.59610042934418126E-4
50.005483760953737,0.43699286495653222,-0.92046972072076197E-3,1.0893696431691158,-0.92309222149010613E-7,-0.18909862070580518E-2,0.28032076630430109E-4,1.1927434055359485,0.27951500884424475E-2,0.36137317571855424E-2,0.20124466068722991E-2,-0.22710843216569108E-2,-0.89490715632119345E-4
50.005483760953737,0.47411823655159385,-0.10704491581610041E-2,1.0795261576345636,0.93243780338418680E-7,-0.20299072896734641E-2,0.30878308697168472E-4,1.1715561059053821,0.29458190045319032E-2,0.37329957195028178E-2,0.20926999034516407E-2,-0.24593535170421591E-2,-0.13718036132585521E-3
50.005483760953737,0.50534486496121167,-0.11474791517378817E-2,1.0703753584705820,-0.13951281702768645E-6,-0.25678184487579578E-2,0.32763228429370279E-4,1.1521322858891434,0.30233960324099205E-2,0.39937660041648665E-2,0.21691402303470287E-2,-0.30271907806954019E-2,-0.16672640029069649E-3
50.005483760953737,0.52063491514750360,-0.11703815220628128E-2,1.0654070977388490,0.36265978078139482E-6,-0.28432116025918432E-2,0.33539445372325166E-4,1.1417292396832943,0.30465740092033566E-2,0.41625819867591885E-2,0.22168959520200131E-2,-0.33028658399768362E-2,-0.17412314091067062E-3
50.005483760953737,0.52063491514750249,-0.11703815220628121E-2,1.0654070977388488,0.36265978078443058E-6,-0.28432116025918362E-2,0.33539445372325173E-4,1.1417292396832934,0.30465740092033549E-2,0.41625819867591876E-2,0.22168959520200088E-2,-0.33028658399768254E-2,-0.17412314091067038E-3
50.005483760953737,0.53592496533378242,-0.11880195251113507E-2,1.0602749417892157,-0.27843480028088945E-6,-0.30457887498811218E-2,0.34357061626910114E-4,1.1310880389324038,0.30638517194079232E-2,0.43331335600801440E-2,0.22645661155136507E-2,-0.35030165446597464E-2,-0.17840888939406232E-3
50.005483760953737,0.56715159374340263,-0.12045238997662362E-2,1.0498584425185518,0.14727915473170330E-6,-0.32534809734295713E-2,0.36082538974445991E-4,1.1098376749667676,0.30805181625024906E-2,0.46184916133752201E-2,0.23695123316595712E-2,-0.37334249123544116E-2,-0.18501244829485444E-3
50.005483760953737,0.60427696533846986,-0.11950299121644878E-2,1.0373066657343293,-0.14802280588088095E-6,-0.36787720041618773E-2,0.38487749388855995E-4,1.0847060249093703,0.30710506540058457E-2,0.48447486218002218E-2,0.24814682541910238E-2,-0.41817032117558613E-2,-0.19072844831932972E-3
50.005483760953737,0.63550359374808540,-0.11637292604650962E-2,1.0257529854237508,0.30384529967173064E-6,-0.43699049699245669E-2,0.40900320457989007E-4,1.0618397044176757,0.30388699852525289E-2,0.49078140314686367E-2,0.25674291481120530E-2,-0.47972318551399093E-2,-0.18276675672394363E-3
50.005483760953737,0.65079364393437955,-0.11362436276262445E-2,1.0193286756756206,0.17804888852212056E-6,-0.47583101458011836E-2,0.42130596716836911E-4,1.0492483367146579,0.30110262817075878E-2,0.48781993491902459E-2,0.26171770024848492E-2,-0.50895786636970955E-2,-0.17210079588613573E-3
50.005483760953737,0.65079364393438066,-0.11362436276262464E-2,1.0193286756756226,0.17804888851930163E-6,-0.47583101458011888E-2,0.42130596716836972E-4,1.0492483367146597,0.30110262817075917E-2,0.48781993491902537E-2,0.26171770024848570E-2,-0.50895786636970981E-2,-0.17210079588613581E-3
50.005483760953737,0.66608369412066759,-0.10992213936200077E-2,1.0125925590913960,-0.76896847147223807E-7,-0.51056948960616702E-2,0.43389365839039862E-4,1.0361414697077023,0.29738604632267339E-2,0.48022242756271677E-2,0.26648228001618715E-2,-0.53081171227814944E-2,-0.15805831034429831E-3
50.005483760953737,0.69731032253026615,-0.97855212913407685E-3,0.99863949908047378,0.41992388145905852E-6,-0.55711933108570470E-2,0.45502841704793442E-4,1.0093669095135298,0.28514598443155586E-2,0.45528267462183261E-2,0.27698938616843513E-2,-0.54846541035853784E-2,-0.12784522964652572E-3
50.005483760953737,0.73443569412534404,-0.74059413856562384E-3,0.98084164966098253,-0.44565243427247426E-6,-0.58772628972721588E-2,0.46591970526909207E-4,0.97580110987712465,0.26122557406465033E-2,0.43825758498261128E-2,0.28727268400369731E-2,-0.54586012814388900E-2,-0.10434618197797564E-3
50.005483760953737,0.76566232253493871,-0.46494330423557705E-3,0.96245647250059663,-0.68389875732487691E-7,-0.64007877298367950E-2,0.46565094160477333E-4,0.94168431508105033,0.23395102702485752E-2,0.45173883341441817E-2,0.29170917758233553E-2,-0.57481599937262611E-2,-0.10318399390027956E-3
50.005483760953737,0.78095237272128504,-0.30989408846226617E-3,0.95088097889487910,-0.65093018547111772E-6,-0.69287585652602918E-2,0.46343264124753935E-4,0.92051671304611071,0.21854038129359146E-2,0.46494331596976350E-2,0.29229811365318022E-2,-0.61707708824506238E-2,-0.10716165717961803E-3
50.005483760953737,0.78095237272128304,-0.30989408846226617E-3,0.95088097889487688,-0.65093018545886623E-6,-0.69287585652602858E-2,0.46343264124753847E-4,0.92051671304610927,0.21854038129359120E-2,0.46494331596976281E-2,0.29229811365317953E-2,-0.61707708824506116E-2,-0.10716165717961841E-3
50.005483760953737,0.79624242290752711,-0.14401130659584405E-3,0.93705466071402088,-0.42515125111988825E-6,-0.76188181668614390E-2,0.46178536012861657E-4,0.89551593067762014,0.20229331082954995E-2,0.47904191113182972E-2,0.28948395535669741E-2,-0.67340378588594263E-2,-0.10984591871575734E-3
50.005483760953737,0.82746905131713344,0.22507938928941054E-3,0.90179193478398667,-0.95958009229746895E-6,-0.91282934201037426E-2,0.45543289738018633E-4,0.83336872092588088,0.16605105274551785E-2,0.50251719681653562E-2,0.27908329677786702E-2,-0.78309827262725631E-2,-0.11146875628225898E-3
50.005483760953737,0.86459442291219912,0.69602803545906213E-3,0.84033966779076374,0.40999544149826223E-6,-0.98618033436661950E-2,0.44351706747430730E-4,0.73016606302517695,0.11893519012364869E-2,0.49656471129817716E-2,0.25852825957092193E-2,-0.77352708718540731E-2,-0.80493006471344622E-4
50.005483760953737,0.89582105132182410,0.10977844638134469E-2,0.76294553267254739,0.11006893684014198E-5,-0.85146349429583417E-2,0.42570324116191670E-4,0.60917511191697116,0.78080739752162229E-3,0.44912615392050537E-2,0.22952817585097990E-2,-0.59377076825015435E-2,-0.29498342471587636E-4
50.005483760953737,0.91111110150814778,0.12873552368886741E-2,0.70816831759957233,0.31245001052768173E-5,-0.70842595000745875E-2,0.41309100872680428E-4,0.52931823061588812,0.58288673131459928E-3,0.40489618801517070E-2,0.20727424205548932E-2,-0.45210828532103522E-2,-0.87277958343605358E-5
50.005483760953737,0.91111110150814556,0.12873552368886675E-2,0.70816831759956833,0.31245001052683063E-5,-0.70842595000745676E-2,0.41309100872680184E-4,0.52931823061588545,0.58288673131459679E-3,0.40489618801516844E-2,0.20727424205548772E-2,-0.45210828532103297E-2,-0.87277958343610271E-5
50.005483760953737,0.91633209487376610,0.13427648658670545E-2,0.68531962991795026,0.56258798088226259E-5,-0.64819430190734099E-2,0.40788008787446251E-4,0.49740866764025271,0.51811148428081643E-3,0.38601534962094688E-2,0.19720656026267474E-2,-0.39621094131963523E-2,-0.30364892870409670E-5
50.005483760953737,0.92699484730232096,0.14489635141008250E-2,0.63352281483389805,0.39811292788859511E-5,-0.52367567795623933E-2,0.39656010118810237E-4,0.42823966342319975,0.39011348773935637E-3,0.34556241395935043E-2,0.17066200502320644E-2,-0.28445635086983521E-2,0.61083552848147413E-5
50.005483760953737,0.93967180495986957,0.15836551304635217E-2,0.56126913541938284,-0.21661761970899918E-5,-0.38482289627715075E-2,0.38266229133938659E-4,0.33947827919639034,0.25284566910741181E-3,0.29354110723722403E-2,0.13139192158094428E-2,-0.16617684345686093E-2,0.10319974090454181E-4
50.005483760953737,0.95033455738847639,0.16965414197091830E-2,0.48750700625039411,-0.60150898989133486E-5,-0.27995404640470999E-2,0.37248020359993259E-4,0.25854123467339440,0.15687865658466370E-3,0.24452085734408815E-2,0.94643680375394582E-3,-0.84599047188528586E-3,0.86975725033851360E-5
50.005483760953737,0.95555555075410470,0.17466855764620239E-2,0.44599661435450377,-0.67122031406282738E-5,-0.23424032076095787E-2,0.36800258079067408E-4,0.21738891062969742,0.11756021195166326E-3,0.21818019715823403E-2,0.76071158735594802E-3,-0.52925708560563574E-3,0.68113529790154849E-5
50.005483760953737,0.95555555075410192,0.17466855764620190E-2,0.44599661435450300,-0.67122031406305913E-5,-0.23424032076095665E-2,0.36800258079067279E-4,0.21738891062969692,0.11756021195166291E-3,0.21818019715823369E-2,0.76071158735594390E-3,-0.52925708560563336E-3,0.68113529790155375E-5
50.005483760953737,0.96077654411966606,0.17943630321030789E-2,0.40153816240895296,-0.90268275622175430E-5,-0.19414436258465215E-2,0.36405059542731451E-4,0.17697833762452259,0.84165239806405044E-4,0.19100634655467988E-2,0.57940925105517125E-3,-0.28450734524959587E-3,0.46546787186497401E-5
50.005483760953737,0.97143929654826566,0.18761522075094320E-2,0.30458329134502338,-0.75124960643286375E-5,-0.13060173072233839E-2,0.35715449550335454E-4,0.10266693314314010,0.34191287068343013E-4,0.13409883379832187E-2,0.26933782245017218E-3,-0.85439975577719174E-5,0.87722529515783761E-6
50.005483760953737,0.98411625420582627,0.19277735063883978E-2,0.17789570532308277,-0.39495041923507081E-5,-0.70895154854711104E-3,0.35324000994037686E-4,0.35339339732119349E-1,0.55114028393725498E-5,0.63342490221871624E-3,0.55784612884307019E-4,0.57181439945635620E-4,-0.57008559415417111E-6
50.005483760953737,0.99477900663435959,0.19472661005925727E-2,0.61470269223722743E-1,-0.28412072271592524E-5,-0.22478894103881194E-3,0.35388440611030118E-4,0.42639788700321937E-2,0.11526203651160342E-6,0.11668348956351471E-3,0.20175270049443247E-5,0.15555676807515569E-4,-0.10679548873972665E-6
50.005483760953737,1.0000000000000213,0.19510750140040846E-2,0.12236055600901468E-2,0.0000000000000000,0.10477597572297511E-4,0.35666916539469144E-4,0.43443848341010020E-5,0.0000000000000000,0.22567801683613131E-5,0.0000000000000000,0.12209852258501598E-6,0.0000000000000000
100.00308744633323,-1.0000000000000182,0.13868105209085212E-2,0.90860591054077715E-3,0.0000000000000000,-0.18499993329146192E-6,0.30043639762225073E-4,0.23622514465239768E-5,0.0000000000000000,0.13694881815015847E-5,0.0000000000000000,-0.45625480562891749E-8,0.0000000000000000
100.00308744633323,-0.99477900663435936,0.13867123912520778E-2,0.58251473112482181E-1,-0.11039031789358689E-7,0.10097236519195823E-3,0.29870955633369319E-4,0.38103457792381746E-2,0.66849071357171332E-7,0.81168702900009471E-4,-0.13812467867316367E-5,0.21654637857990418E-5,-0.34305855119138903E-8
100.00308744633323,-0.98411625420582682,0.13832791707765082E-2,0.17019373687393305,-0.44933194176052527E-7,0.30645658260615959E-3,0.29874960389179959E-4,0.32311235400984926E-1,0.33423579986440486E-5,0.45890714235611462E-3,-0.38906662654609980E-4,0.25792431701963578E-4,-0.10044421846205048E-6
100.00308744633323,-0.97143929654826611,0.13656537734293719E-2,0.29390079945320791,-0.18407910145066045E-7,0.54147473198217508E-3,0.30210233564228739E-4,0.95728722017064893E-1,0.21364234909822918E-4,0.99623276150667055E-3,-0.19790495261924547E-3,0.93607585800368066E-4,-0.67307387988599283E-6
100.00308744633323,-0.96077654411966740,0.13337507057920384E-2,0.39007139228451354,-0.61282134760891750E-7,0.72216123548012718E-3,0.30765222609448264E-4,0.16752862468416518,0.53669079540007858E-4,0.14315365808259097E-2,-0.44315553131420897E-3,0.18131648058338585E-3,-0.17709798302012080E-5
100.00308744633323,-0.95555555075409693,0.13118319247386770E-2,0.43459688914523198,-0.57084653466043427E-7,0.80248818762999842E-3,0.31070072260083482E-4,0.20719329322943641,0.75653770671268612E-4,0.16360536165917236E-2,-0.59297584987327238E-3,0.23142563788301166E-3,-0.25188814304851545E-5
100.00308744633323,-0.95555555075409759,0.13118319247386794E-2,0.43459688914523320,-0.57084653466111190E-7,0.80248818763000275E-3,0.31070072260083536E-4,0.20719329322943703,0.75653770671268788E-4,0.16360536165917297E-2,-0.59297584987327390E-3,0.23142563788301339E-3,-0.25188814304851702E-5
100.00308744633323,-0.95033455738846639,0.12859445278467295E-2,0.47653609539333530,0.57787147658987150E-8,0.87570168914505959E-3,0.31399039493698881E-4,0.24811013323681155,0.10189189023093667E-3,0.18306691957513906E-2,-0.75361152194491758E-3,0.28348099080654707E-3,-0.33390432726387535E-5
100.00308744633323,-0.93967180495987579,0.12206997857080720E-2,0.55214964147566059,-0.42849127387419158E-7,0.10043054743260164E-2,0.32121750476514876E-4,0.33022819957406668,0.16753412372467352E-3,0.21807642750390275E-2,-0.10903164949328608E-2,0.39046714404772495E-3,-0.49687780289576505E-5
100.00308744633323,-0.92699484730232418,0.11225853087151159E-2,0.62705890762049366,0.25945797901708121E-7,0.11318152323975083E-2,0.33081797414087063E-4,0.42180353198738785,0.26544065363318971E-3,0.25281586476554826E-2,-0.14754819926291148E-2,0.51746426374229713E-3,-0.65938444762253271E-5
100.00308744633323,-0.91633209487377276,0.10258463779964947E-2,0.68064998205676308,-0.45405277681155945E-7,0.12315448779980003E-2,0.33911477680535061E-4,0.49320377362307855,0.36175874393726444E-3,0.27773501696937378E-2,-0.17561400500888595E-2,0.62868020055050302E-3,-0.74489673790857211E-5
100.00308744633323,-0.91111110150814656,0.97473397761063825E-3,0.70412675067227015,-0.15717300753546794E-6,0.12820515263094840E-2,0.34321237384900351E-4,0.52593921725759918,0.41265967292017662E-3,0.28874395526434383E-2,-0.18722306551428106E-2,0.68717985593970887E-3,-0.76560048569949443E-5
100.00308744633323,-0.91111110150814456,0.97473397761062514E-3,0.70412675067226138,-0.15717300753752793E-6,0.12820515263094771E-2,0.34321237384899917E-4,0.52593921725759207,0.41265967292017185E-3,0.28874395526434010E-2,-0.18722306551427891E-2,0.68717985593970540E-3,-0.76560048569947528E-5
100.00308744633323,-0.89582105132182432,0.81247235577091854E-3,0.76002477846806993,0.26280523953651352E-7,0.14415403997945643E-2,0.35483037287104061E-4,0.60733107831216748,0.57567222404380776E-3,0.31299764437963504E-2,-0.21379910261640359E-2,0.87837427258991366E-3,-0.80505086186036541E-5
100.00308744633323,-0.86459442291219957,0.44524234802437325E-3,0.83682368938526097,0.18762981128376318E-7,0.18526659801303832E-2,0.37658830960766705E-4,0.72692151090885959,0.94268100481982836E-3,0.34193485729892611E-2,-0.24673608438894250E-2,0.13915205863017420E-2,-0.81327931107879389E-5
100.00308744633323,-0.82746905131713300,0.10666869077260650E-4,0.89596987049601307,0.40827825801810838E-7,0.25817236455739851E-2,0.39572251455983382E-4,0.82520500984836709,0.13777294006842948E-2,0.36768284087377217E-2,-0.26213565124069216E-2,0.22986159596840444E-2,-0.43793718991448280E-5
100.00308744633323,-0.79624242290752700,-0.30048788005583062E-3,0.93156433627465596,-0.95164370949663360E-7,0.35977086265629571E-2,0.40574642239877153E-4,0.88708353374959381,0.16905521264130590E-2,0.38426260920991092E-2,-0.26483236900885156E-2,0.34512692568686135E-2,0.30082429989288290E-5
100.00308744633323,-0.78095237272128470,-0.42703263935809147E-3,0.94664713476555407,0.22490038727065835E-6,0.42728788094226087E-2,0.40759447434502921E-4,0.91401966526320222,0.18172259905817865E-2,0.39056133666873073E-2,-0.26466240126144756E-2,0.41752781192997543E-2,0.65206934953991125E-5
100.00308744633323,-0.78095237272128482,-0.42703263935809065E-3,0.94664713476555273,0.22490038727033309E-6,0.42728788094226044E-2,0.40759447434502860E-4,0.91401966526320100,0.18172259905817837E-2,0.39056133666873021E-2,-0.26466240126144726E-2,0.41752781192997508E-2,0.65206934953990549E-5
100.00308744633323,-0.76566232253493915,-0.53719751850799197E-3,0.95998665890674828,-0.21552049425384127E-6,0.50086227220528896E-2,0.40892682380187045E-4,0.93814829186140725,0.19287189235860274E-2,0.39586649213754939E-2,-0.26173915432667989E-2,0.49517382347899052E-2,0.92877567760153255E-5
100.00308744633323,-0.73443569412534626,-0.70897687723393962E-3,0.98228144761189717,0.21499851896933982E-6,0.64035944594862827E-2,0.40523585798582322E-4,0.97930281626011806,0.21011943760306205E-2,0.40352854974599131E-2,-0.25457702014227437E-2,0.64258703670583882E-2,0.10309564474994612E-4
100.00308744633323,-0.69731032253026659,-0.83237182649832761E-3,1.0035638588012312,-0.21263521651976921E-6,0.75710012190211128E-2,0.39280370415093946E-4,1.0196626337112109,0.22254079941532575E-2,0.40802443596055366E-2,-0.24451852572005134E-2,0.76803287702963026E-2,0.58485988477846701E-5
100.00308744633323,-0.66608369412066826,-0.88306711778197869E-3,1.0189712619350400,0.24970218203616661E-6,0.80324497003630251E-2,0.37758143153051343E-4,1.0495686474488872,0.22763328471265797E-2,0.40428835821948745E-2,-0.23532946912826536E-2,0.82133788950311780E-2,0.11240038193242427E-5
100.00308744633323,-0.65079364393438244,-0.89479921299829483E-3,1.0261215695149253,-0.20676123474038140E-6,0.80899564079482036E-2,0.36892151816712507E-4,1.0636258894675819,0.22880569987351199E-2,0.39921970293065037E-2,-0.23049597641884535E-2,0.83113382638638073E-2,-0.88973949882533202E-6
100.00308744633323,-0.65079364393438144,-0.89479921299828985E-3,1.0261215695149200,-0.20676123474092350E-6,0.80899564079481498E-2,0.36892151816712317E-4,1.0636258894675761,0.22880569987351078E-2,0.39921970293064811E-2,-0.23049597641884405E-2,0.83113382638637621E-2,-0.88973949882531169E-6
100.00308744633323,-0.63550359374808729,-0.90175204926900014E-3,1.0329274874985512,-0.55734334749799053E-7,0.80427640625771041E-2,0.36048701176260389E-4,1.0770923772412397,0.22951578523813911E-2,0.39245017493331836E-2,-0.22482844520607752E-2,0.83077390066171423E-2,-0.22527071561327349E-5
100.00308744633323,-0.60427696533847175,-0.89910271706250913E-3,1.0453477130181064,0.63941144778879508E-7,0.77069605327432312E-2,0.34187954074824213E-4,1.1019434212935455,0.22923253922673033E-2,0.37586308525121279E-2,-0.21355331130334301E-2,0.80570961782376847E-2,-0.42382600056307298E-5
100.00308744633323,-0.56715159374340263,-0.87099680182539847E-3,1.0584356590870128,-0.69784313064908884E-7,0.70268365946680881E-2,0.31917439595426547E-4,1.1285495112904482,0.22640852168005292E-2,0.35450159035116001E-2,-0.20088023282080402E-2,0.74556409262343708E-2,-0.56889943094234560E-5
100.00308744633323,-0.53592496533378209,-0.83130008645223501E-3,1.0685555989591866,0.87970946255648205E-7,0.63537588034515268E-2,0.30006180168255214E-4,1.1494043043961570,0.22243341665534782E-2,0.33668669537763206E-2,-0.19059411190432492E-2,0.68191624398321795E-2,-0.58663372462429060E-5
100.00308744633323,-0.52063491514750504,-0.80872113103603053E-3,1.0734044611012168,0.23911911601389585E-7,0.60232424477802207E-2,0.29059690429586490E-4,1.1594798465677139,0.22016293392633697E-2,0.32766334827569969E-2,-0.18549954953120651E-2,0.64976724586662468E-2,-0.59344112122577884E-5
100.00308744633323,-0.52063491514750426,-0.80872113103603053E-3,1.0734044611012168,0.23911911601823266E-7,0.60232424477802216E-2,0.29059690429586483E-4,1.1594798465677136,0.22016293392633701E-2,0.32766334827569969E-2,-0.18549954953120656E-2,0.64976724586662494E-2,-0.59344112122578291E-5
100.00308744633323,-0.50534486496121200,-0.78627241694149681E-3,1.0781047377575441,-0.80088696233259274E-7,0.57140062623630972E-2,0.28151733926063944E-4,1.1692891789039439,0.21790096356079100E-2,0.31870650490586163E-2,-0.17994664262586607E-2,0.61916961898658088E-2,-0.61792186742693521E-5
100.00308744633323,-0.47411823655159435,-0.73727989885233303E-3,1.0869483388542718,0.77042489523204347E-7,0.52020466794149879E-2,0.26275232009016154E-4,1.1878938100510994,0.21294628107334374E-2,0.30230115544653789E-2,-0.16887563573804005E-2,0.56745838296264782E-2,-0.66290000781332095E-5
100.00308744633323,-0.43699286495653245,-0.67172970431030174E-3,1.0965175139520515,-0.89927082447260887E-7,0.48029765577664862E-2,0.24081013126517867E-4,1.2082634680574322,0.20634161352090707E-2,0.28563042614711005E-2,-0.15656165600281590E-2,0.52645127530989025E-2,-0.69382964036426972E-5
100.00308744633323,-0.40576623654692218,-0.61131447577850617E-3,1.1038709007213852,0.11255087752786753E-6,0.46024474924179562E-2,0.22294901529365392E-4,1.2240627673705946,0.20028077315813182E-2,0.27288523003278623E-2,-0.14661198502962582E-2,0.50608744549969758E-2,-0.77509292198617383E-5
100.00308744633323,-0.39047618636064219,-0.58116652735985298E-3,1.1073286145500687,-0.21592786770413541E-7,0.45232213644815682E-2,0.21446397878715188E-4,1.2315212916755143,0.19726592946693756E-2,0.26652739803762326E-2,-0.14164737925938006E-2,0.49820080394538998E-2,-0.83387711057436570E-5
100.00308744633323,-0.39047618636064241,-0.58116652735985342E-3,1.1073286145500694,-0.21592786770630382E-7,0.45232213644815699E-2,0.21446397878715205E-4,1.2315212916755154,0.19726592946693773E-2,0.26652739803762347E-2,-0.14164737925938010E-2,0.49820080394539033E-2,-0.83387711057436570E-5
100.00308744633323,-0.37518613617433488,-0.55232344478160040E-3,1.1106574761356711,-0.63443256478196153E-7,0.44449971223778700E-2,0.20643851054610006E-4,1.2387108923441938,0.19434852420277138E-2,0.26010576912367141E-2,-0.13632871297768506E-2,0.49041346627120746E-2,-0.89984282486895154E-5
100.00308744633323,-0.34395950776472312,-0.49344042123823423E-3,1.1169046219946721,0.59788758396007308E-7,0.42687737400016763E-2,0.19070653463312573E-4,1.2522490395035362,0.18840763854939086E-2,0.24770082248072628E-2,-0.12550324565767121E-2,0.47243254470674886E-2,-0.10073864023374311E-4
100.00308744633323,-0.30683413616964650,-0.42106403305102531E-3,1.1236311810558757,-0.69413410048492497E-7,0.39964689133339028E-2,0.17344243836573669E-4,1.2669288841010393,0.18114190751068041E-2,0.23366576239381145E-2,-0.11303594940546573E-2,0.44382139843724862E-2,-0.11053526265630697E-4
100.00308744633323,-0.27560750776003679,-0.35900228802005732E-3,1.1287712507320289,0.85383359123454572E-7,0.36726127601413691E-2,0.16015135377448890E-4,1.2782287110347155,0.17493351425828694E-2,0.22174460831365958E-2,-0.10265172814079202E-2,0.40925971119925245E-2,-0.11792356638194081E-4
100.00308744633323,-0.26031745757375202,-0.32950157612983335E-3,1.1311758594102468,0.90419562690045169E-8,0.34736258664340956E-2,0.15407168978592956E-4,1.2835360648486418,0.17198719838116038E-2,0.21550855889524009E-2,-0.97453452888298308E-3,0.38779493735010312E-2,-0.11930215459331667E-4
100.00308744633323,-0.26031745757375174,-0.32950157612983324E-3,1.1311758594102459,0.90419562687876764E-8,0.34736258664340952E-2,0.15407168978592952E-4,1.2835360648486414,0.17198719838116034E-2,0.21550855889524000E-2,-0.97453452888298232E-3,0.38779493735010295E-2,-0.11930215459331672E-4
100.00308744633323,-0.24502740738745968,-0.30224030706833588E-3,1.1334842956409434,-0.66227970486193444E-7,0.32557671078128833E-2,0.14844234005607645E-4,1.2886386400427696,0.16923030117093534E-2,0.20920723283069011E-2,-0.92011678899819405E-3,0.36413122928065081E-2,-0.11991042850926713E-4
100.00308744633323,-0.21380077897784963,-0.25068553796466685E-3,1.1377741039812903,0.64833977110601015E-7,0.27827464197918254E-2,0.13778538894326230E-4,1.2981445044536430,0.16403005641487155E-2,0.19742946999654889E-2,-0.80859937453906319E-3,0.31230068173982049E-2,-0.11476910880178157E-4
100.00308744633323,-0.17667540738277443,-0.19556450534596745E-3,1.1422398154827968,-0.67198811179404114E-7,0.21919153758010387E-2,0.12665649431581734E-4,1.3080808439950637,0.15849943116156299E-2,0.18557645927286489E-2,-0.67753834370922687E-3,0.24676579147087114E-2,-0.99397999214132006E-5
100.00308744633323,-0.14544877897316780,-0.15509046920943458E-3,1.1454565785697008,0.85170633578484679E-7,0.16744209176659496E-2,0.11842653393639459E-4,1.3152709270542302,0.15445652461051338E-2,0.17711712395445044E-2,-0.56729189093958680E-3,0.18851578334945455E-2,-0.80816936783132711E-5
100.00308744633323,-0.13015872878687579,-0.13798411166186946E-3,1.1468718361194217,-0.18603297656689943E-9,0.14101672876214028E-2,0.11472992191879364E-4,1.3184431916055237,0.15275391460511027E-2,0.17328504274625740E-2,-0.51260162973776682E-3,0.15844414479897265E-2,-0.70174179765961282E-5
100.00308744633323,-0.13015872878687601,-0.13798411166186954E-3,1.1468718361194226,-0.18603297656689943E-9,0.14101672876214036E-2,0.11472992191879376E-4,1.3184431916055246,0.15275391460511040E-2,0.17328504274625755E-2,-0.51260162973776758E-3,0.15844414479897284E-2,-0.70174179765961332E-5
100.00308744633323,-0.11486867860058586,-0.12388172776539957E-3,1.1481641155416211,-0.68531308513230735E-7,0.11456257316408423E-2,0.11132077594520166E-4,1.3213427741252528,0.15131445696813927E-2,0.16971246286437279E-2,-0.45678281523208581E-3,0.12813969530524574E-2,-0.59560640990132983E-5
100.00308744633323,-0.83642050190976452E-1,-0.10107123435833826E-3,1.1503280264252962,0.63340233045963007E-7,0.63350435743601352E-3,0.10500306929394219E-4,1.3262075376918341,0.14899560128350908E-2,0.16398173620781084E-2,-0.34311845204948802E-3,0.68935603794593537E-3,-0.35247303395350499E-5
100.00308744633323,-0.46516678595901285E-1,-0.82780971680065907E-4,1.1521301782542828,-0.62329094986397077E-7,0.76273025859280069E-4,0.98939805819511208E-5,1.3302767656765406,0.14716576432430126E-2,0.16001011372667817E-2,-0.20880214757221151E-3,0.39196094634330451E-4,-0.56975189528240726E-6
100.00308744633323,-0.15290050186291987E-1,-0.75322879673663754E-4,1.1530439968407098,0.78046438143622096E-7,-0.34122320975345807E-3,0.95354917700105447E-5,1.3323558991135043,0.14644604482374271E-2,0.15878888510799244E-2,-0.95104347416997232E-4,-0.45048426511707393E-3,0.20551154484902484E-5
100.00308744633323,0.0000000000000000,-0.75014815995344520E-4,1.1533165806925161,-0.20827705515878529E-7,-0.52397862554596759E-3,0.94184971557803770E-5,1.3329820741229237,0.14643464504544650E-2,0.15870389165037037E-2,-0.38991603548339175E-4,-0.66552693213437278E-3,0.33487227612972117E-5
100.00308744633323,0.0000000000000000,-0.75014815995344466E-4,1.1533165806925147,-0.20827705516203790E-7,-0.52397862554596640E-3,0.94184971557803669E-5,1.3329820741229228,0.14643464504544654E-2,0.15870389165037056E-2,-0.38991603548342644E-4,-0.66552693213437072E-3,0.33487227612971795E-5
100.00308744633323,0.15290050186291969E-1,-0.77934019369314003E-4,1.1534857001995888,-0.52649770260334780E-7,-0.68565346826189339E-3,0.93481645454809861E-5,1.3333748049783369,0.14671213099617022E-2,0.15884705705502124E-2,0.17217732555396912E-4,-0.85640874121228026E-3,0.46259972787576074E-5
100.00308744633323,0.46516678595901202E-1,-0.90505025604101875E-4,1.1534867628474061,0.45769600530280209E-7,-0.93848838471205910E-3,0.93419552765518560E-5,1.3334025978033526,0.14795365037932459E-2,0.16027795330172366E-2,0.13038114022643999E-3,-0.11579540121033061E-2,0.70218354135995832E-5
100.00308744633323,0.83642050190976369E-1,-0.11312536913238714E-3,1.1528373269180503,-0.46800459758934102E-7,-0.11261152309709169E-2,0.95921829337655027E-5,1.3319759607766648,0.15022643935807556E-2,0.16482224111258308E-2,0.26174929144740059E-3,-0.13886251357312798E-2,0.91577966413456290E-5
100.00308744633323,0.11486867860058578,-0.13625315210039597E-3,1.1516492704236350,0.53386230432965563E-7,-0.12109799160588200E-2,0.10024243316146825E-4,1.3293335322002011,0.15257243057384996E-2,0.17112037822069519E-2,0.37017752656300253E-3,-0.15001732346180130E-2,0.99917600477008150E-5
100.00308744633323,0.13015872878687562,-0.14895125704791995E-3,1.1508107234723577,0.10479213354214808E-7,-0.12353928019756333E-2,0.10307581173752139E-4,1.3274606141476937,0.15386463625237097E-2,0.17482034834984156E-2,0.42266075586595104E-3,-0.15350103878573010E-2,0.10034057557146033E-4
100.00308744633323,0.13015872878687579,-0.14895125704792014E-3,1.1508107234723592,0.10479213353618497E-7,-0.12353928019756342E-2,0.10307581173752150E-4,1.3274606141476950,0.15386463625237114E-2,0.17482034834984176E-2,0.42266075586595218E-3,-0.15350103878573021E-2,0.10034057557146069E-4
100.00308744633323,0.14544877897316769,-0.16334258256736969E-3,1.1498069153022970,-0.62903063043371959E-7,-0.12520761528174705E-2,0.10643533034353204E-4,1.3252140749298098,0.15529275113655603E-2,0.17858728526016334E-2,0.47395658451188723E-3,-0.15604411535025935E-2,0.98500090090404286E-5
100.00308744633323,0.17667540738277412,-0.19456722897733057E-3,1.1472447213638604,0.61230671634393292E-7,-0.12752431744743663E-2,0.11464003842488767E-4,1.3194780676416362,0.15840512133708795E-2,0.18650662886637017E-2,0.57667447939586036E-3,-0.15971121121725648E-2,0.86047467971957885E-5
100.00308744633323,0.21380077897784922,-0.23314581398383721E-3,1.1432235830709074,-0.49692096621128251E-7,-0.12862391324999145E-2,0.12644334828331147E-4,1.3105021847073228,0.16228555549965993E-2,0.19763084479450781E-2,0.69894463987276757E-3,-0.16154749977694779E-2,0.60884647486442421E-5
100.00308744633323,0.24502740738745887,-0.26827731058351982E-3,1.1390136851159631,0.54814430231408477E-7,-0.12591315319464749E-2,0.13781942856190997E-4,1.3011453317547601,0.16584486539916216E-2,0.20914995274184034E-2,0.80388696819150892E-3,-0.15834805722792723E-2,0.34486003653423180E-5
100.00308744633323,0.26031745757375169,-0.28744828633341541E-3,1.1366466583959043,-0.16333311055115145E-8,-0.12228126830178933E-2,0.14376718078780425E-4,1.2958985289302238,0.16778962291977011E-2,0.21562466611441053E-2,0.85569192378951158E-3,-0.15393718421696386E-2,0.20752748301490048E-5
100.00308744633323,0.26031745757375035,-0.28744828633341481E-3,1.1366466583959012,-0.16333311062162459E-8,-0.12228126830178911E-2,0.14376718078780386E-4,1.2958985289302203,0.16778962291976961E-2,0.21562466611440997E-2,0.85569192378950930E-3,-0.15393718421696334E-2,0.20752748301490115E-5
100.00308744633323,0.27560750776003617,-0.30907115761038515E-3,1.1341290371935935,-0.78264878335555094E-7,-0.11678747150226626E-2,0.15008815425158752E-4,1.2903256539544830,0.16994913286827390E-2,0.22232988905451926E-2,0.90554499786975990E-3,-0.14723914550735695E-2,0.69083143003809202E-6
100.00308744633323,0.30683413616964583,-0.35699125492928653E-3,1.1286366852708070,0.60405122778554605E-7,-0.10025609260187038E-2,0.16359689637025428E-4,1.2782084292350411,0.17474359992107993E-2,0.23617700636111173E-2,0.10060394741079836E-2,-0.12693537420832058E-2,-0.20652274461238887E-5
100.00308744633323,0.34395950776472217,-0.41699486143172691E-3,1.1213405611974063,-0.50608422897920405E-7,-0.72101297470750377E-3,0.18038695708803472E-4,1.2622114592078857,0.18075944656022699E-2,0.25344586895121144E-2,0.11280388937100515E-2,-0.92432662617522262E-3,-0.53907487013797709E-5
100.00308744633323,0.37518613617433494,-0.46921872976524864E-3,1.1145326806945541,0.63347342929879428E-7,-0.46226673407909452E-3,0.19476331343473303E-4,1.2473896090016741,0.18602173913477510E-2,0.26832544256567832E-2,0.12351799834397856E-2,-0.60648209208225088E-3,-0.87064508608460373E-5
100.00308744633323,0.39047618636064230,-0.49596515783828531E-3,1.1109282379593566,0.20823460405809940E-7,-0.35593403634899339E-3,0.20174090971243956E-4,1.2395781787201647,0.18871895910119814E-2,0.27545475994461394E-2,0.12885115134585211E-2,-0.47257632667229701E-3,-0.10559790704787920E-4
100.00308744633323,0.39047618636064263,-0.49596515783828672E-3,1.1109282379593604,0.20823460404888368E-7,-0.35593403634899534E-3,0.20174090971244013E-4,1.2395781787201678,0.18871895910119875E-2,0.27545475994461464E-2,0.12885115134585235E-2,-0.47257632667229701E-3,-0.10559790704787888E-4
100.00308744633323,0.40576623654692123,-0.52463908961275355E-3,1.1072228293528483,-0.94374110384235106E-7,-0.28244628809007816E-3,0.20892575398266498E-4,1.2315677756139265,0.19158857598908601E-2,0.28194401433819676E-2,0.13387387685600608E-2,-0.37356768566375570E-3,-0.12471694720581125E-4
100.00308744633323,0.43699286495653222,-0.58409527562336817E-3,1.0995216823069889,0.83375723582352138E-7,-0.26618307715338646E-3,0.22356165205340836E-4,1.2150104439637985,0.19753824489217985E-2,0.29262531078472339E-2,0.14404301250087975E-2,-0.31122432079197580E-3,-0.16228360114319455E-4
100.00308744633323,0.47411823655159385,-0.65088590342317972E-3,1.0898282922424003,-0.73934455200349962E-7,-0.46304220384420485E-3,0.24110000833661649E-4,1.1943907337979947,0.20424463843427298E-2,0.30243497624207680E-2,0.15662064344321776E-2,-0.45632333098593204E-3,-0.19358500455139166E-4
100.00308744633323,0.50534486496121167,-0.70052408890764232E-3,1.0811339392176120,0.73552290529672534E-7,-0.77725819115469176E-3,0.25580032680053893E-4,1.1761211304592349,0.20925244146059816E-2,0.30920797579503919E-2,0.16783665278892971E-2,-0.72570518949180126E-3,-0.21145272214568762E-4
100.00308744633323,0.52063491514750360,-0.72232394383137512E-3,1.0766143055470128,-0.79481537911918303E-7,-0.98687591567940850E-3,0.26278202163621091E-4,1.1666986187952353,0.21144750110087809E-2,0.31209956464297909E-2,0.17338202303433707E-2,-0.91186233020346726E-3,-0.22102290336349004E-4
100.00308744633323,0.52063491514750249,-0.72232394383137479E-3,1.0766143055470123,-0.79481537911484622E-7,-0.98687591567940720E-3,0.26278202163621087E-4,1.1666986187952348,0.21144750110087800E-2,0.31209956464297887E-2,0.17338202303433725E-2,-0.91186233020346726E-3,-0.22102290336349031E-4
100.00308744633323,0.53592496533378242,-0.74288529262373057E-3,1.0720150524918455,-0.32513839008793070E-7,-0.12403070531260014E-2,0.26992204049755921E-4,1.1571481571333706,0.21351310716598458E-2,0.31460887172332919E-2,0.17848990261869718E-2,-0.11417691886027571E-2,-0.23768950702165579E-4
100.00308744633323,0.56715159374340263,-0.77295935521638141E-3,1.0625264715505125,0.20752371090006563E-7,-0.19271473622808370E-2,0.28366446417237241E-4,1.1375900215001979,0.21652267148439190E-2,0.31925551363412860E-2,0.18832255480297029E-2,-0.17827252604718617E-2,-0.28219474030291821E-4
100.00308744633323,0.60427696533846986,-0.77712138811066814E-3,1.0502636070885085,-0.11262159903008967E-7,-0.30982896802165421E-2,0.29880009452253005E-4,1.1126448462048366,0.21694763679696270E-2,0.32661900949860646E-2,0.19962412833851194E-2,-0.28930676434626612E-2,-0.32587421965299634E-4
100.00308744633323,0.63550359374808540,-0.75029423845655798E-3,1.0384587874017870,0.74272262933525006E-8,-0.43039094234500865E-2,0.31152466414770727E-4,1.0889939781781810,0.21427923189569660E-2,0.33447256080865488E-2,0.20910848564853267E-2,-0.40272687866467743E-2,-0.32327398089182926E-4
100.00308744633323,0.65079364393437955,-0.72688582774424134E-3,1.0319033382429246,0.19533186487838590E-6,-0.49138407804782212E-2,0.31776887240299325E-4,1.0759959414054177,0.21191921594525842E-2,0.33804416867708183E-2,0.21376704624342306E-2,-0.45956199640523592E-2,-0.30714185823121902E-4
100.00308744633323,0.65079364393438066,-0.72688582774424232E-3,1.0319033382429259,0.19533186487686802E-6,-0.49138407804782281E-2,0.31776887240299380E-4,1.0759959414054194,0.21191921594525872E-2,0.33804416867708230E-2,0.21376704624342328E-2,-0.45956199640523653E-2,-0.30714185823122031E-4
100.00308744633323,0.66608369412066759,-0.69730015071838708E-3,1.0249401836113616,-0.17170036848045069E-6,-0.54835294765534105E-2,0.32455002745888586E-4,1.0622707049377338,0.20895283214754558E-2,0.34082942868222874E-2,0.21758700788735638E-2,-0.51240240050565763E-2,-0.28809276518234144E-4
100.00308744633323,0.69731032253026615,-0.60809418739326692E-3,1.0096898952851088,0.15531843577528087E-6,-0.64197046339660498E-2,0.33709389011347222E-4,1.0325580136995651,0.19999848897034804E-2,0.34435106091432804E-2,0.22464708931804493E-2,-0.59832030819071107E-2,-0.23740994898652303E-4
100.00308744633323,0.73443569412534404,-0.44139042695114756E-3,0.98810444012936827,-0.15686699848162385E-6,-0.71805823356752728E-2,0.34752755854570769E-4,0.99137600742220933,0.18327512128768037E-2,0.34807075690179304E-2,0.23190075851970381E-2,-0.66430029834378419E-2,-0.17778015317094427E-4
100.00308744633323,0.76566232253493871,-0.24755632409283440E-3,0.96497630672232049,0.14053398957522274E-6,-0.75663379620591349E-2,0.35061204078829562E-4,0.94832130963277572,0.16385129542291236E-2,0.34888794651068513E-2,0.23669740792715511E-2,-0.69019263691162350E-2,-0.13115471817718391E-4
100.00308744633323,0.78095237272128504,-0.13581138391735749E-3,0.95096369090778743,-0.28098760688683214E-6,-0.76560682031494628E-2,0.34979193006036892E-4,0.92270478239802967,0.15256740168531349E-2,0.34661799603238255E-2,0.23833539045668198E-2,-0.69119882542057242E-2,-0.10925822915908754E-4
100.00308744633323,0.78095237272128304,-0.13581138391735738E-3,0.95096369090778610,-0.28098760688371506E-6,-0.76560682031494532E-2,0.34979193006036864E-4,0.92270478239802844,0.15256740168531346E-2,0.34661799603238250E-2,0.23833539045668146E-2,-0.69119882542057129E-2,-0.10925822915908818E-4
100.00308744633323,0.79624242290752711,-0.14547974178528652E-4,0.93496386589524350,0.19204565900941112E-6,-0.76691308321999510E-2,0.34847950928055835E-4,0.89379637852701421,0.14044485654044613E-2,0.34242234824947808E-2,0.23741232701522917E-2,-0.68393162647556235E-2,-0.87518238421567711E-5
100.00308744633323,0.82746905131713344,0.26390405733517093E-3,0.89620664855672616,-0.13061852843169325E-6,-0.74869985829717177E-2,0.34053488532762117E-4,0.82552817173069681,0.11250078171350635E-2,0.32897728575448301E-2,0.23155263309553881E-2,-0.64753151736741989E-2,-0.69440436173945404E-5
100.00308744633323,0.86459442291219912,0.63151895280648526E-3,0.83059634063583099,0.72570691140688400E-7,-0.70721286814368024E-2,0.32355188618903771E-4,0.71550165609648253,0.75686280436141750E-3,0.30427240110453288E-2,0.21315401821274172E-2,-0.57481229732176398E-2,-0.98073720866707036E-5
100.00308744633323,0.89582105132182410,0.93189658757334305E-3,0.74647084358377325,-0.94872843863581845E-7,-0.64769305495121342E-2,0.30439775390976196E-4,0.58479295970974909,0.45655117555040058E-3,0.27428443735957853E-2,0.18049659645643170E-2,-0.47558974396152923E-2,-0.99685588693632648E-5
100.00308744633323,0.91111110150814778,0.10619453749159250E-2,0.68706435929800946,0.33179521981074401E-6,-0.59746483592292930E-2,0.29455995254184664E-4,0.49949631483619172,0.32576484541983731E-3,0.24990992740663632E-2,0.15583704790877746E-2,-0.40363497630046081E-2,-0.82522476641544366E-5
100.00308744633323,0.91111110150814556,0.10619453749159190E-2,0.68706435929800591,0.33179521981115058E-6,-0.59746483592292652E-2,0.29455995254184528E-4,0.49949631483618928,0.32576484541983573E-3,0.24990992740663511E-2,0.15583704790877637E-2,-0.40363497630045873E-2,-0.82522476641545061E-5
100.00308744633323,0.91633209487376610,0.11027174542939983E-2,0.66257056265252368,0.11671204535785326E-6,-0.57537233868737098E-2,0.29111588613605420E-4,0.46602993800954950,0.28526825833518319E-3,0.23921563772416050E-2,0.14534105153124802E-2,-0.37459176836247966E-2,-0.74328003452289531E-5
100.00308744633323,0.92699484730232096,0.11795205898753936E-2,0.60728915233765068,0.35475473704688412E-7,-0.52427591428706784E-2,0.28423079546421220E-4,0.39424665198653730,0.20881470462994617E-3,0.21551377528837958E-2,0.12062013855195447E-2,-0.31186658292564309E-2,-0.55438310977775777E-5
100.00308744633323,0.93967180495986957,0.12570929299176989E-2,0.53140583028011434,-0.12048817401156924E-7,-0.45352551682315868E-2,0.27637659852844229E-4,0.30455106835189488,0.13142618739097776E-3,0.18357625637834855E-2,0.87696533019194698E-3,-0.23433122085875072E-2,-0.33439665618319979E-5
100.00308744633323,0.95033455738847639,0.13085523093520131E-2,0.45638204441769070,-0.11422706325093872E-6,-0.38444831064853233E-2,0.27050322465874793E-4,0.22637781560443740,0.79720653592479647E-4,0.15244166396284286E-2,0.59711896703010074E-3,-0.16876201930107171E-2,-0.18103746897400515E-5
100.00308744633323,0.95555555075410470,0.13289251792646352E-2,0.41536666076063189,-0.93064073239993675E-7,-0.34742625237776208E-2,0.26785266607453997E-4,0.18818232712105426,0.59107537094595376E-4,0.13550610716252219E-2,0.46627024693006626E-3,-0.13774337988803429E-2,-0.12218988231830766E-5
100.00308744633323,0.95555555075410192,0.13289251792646308E-2,0.41536666076063100,-0.93064073238936578E-7,-0.34742625237776082E-2,0.26785266607453953E-4,0.18818232712105401,0.59107537094595255E-4,0.13550610716252188E-2,0.46627024693006593E-3,-0.13774337988803368E-2,-0.12218988231830038E-5
100.00308744633323,0.96077654411966606,0.13461264711186474E-2,0.37213533163682011,-0.91291680887846990E-7,-0.30908244389565766E-2,0.26542649040436065E-4,0.15153404016279523,0.41862622028918553E-4,0.11791479525460331E-2,0.34580184047962477E-3,-0.10874697955703672E-2,-0.76058613421298544E-6
100.00308744633323,0.97143929654826566,0.13711069639119058E-2,0.27941545901827219,-0.12015402349556585E-6,-0.22907010652038580E-2,0.26104344129393370E-4,0.85924214409692279E-1,0.16594716697983839E-4,0.81050974841104359E-3,0.15191671320482342E-3,-0.59057961762015959E-3,-0.19790319084392939E-6
100.00308744633323,0.98411625420582627,0.13847739817707950E-2,0.16119111881886583,-0.29091057499684562E-7,-0.13045882973987170E-2,0.25836186129067987E-4,0.28766246021940299E-1,0.25776730761607428E-5,0.36671026045213411E-3,0.29190099972054134E-4,-0.18695861004413758E-3,0.72999631266446512E-8
100.00308744633323,0.99477900663435959,0.13873727347887633E-2,0.54962491232164484E-1,-0.44271439862466937E-7,-0.44028036134674244E-3,0.25827811005794492E-4,0.33658004234689513E-2,0.50903231830302240E-7,0.63522800672206629E-4,0.99728362402445454E-6,-0.20528469712360858E-4,0.45366457062449695E-8
100.00308744633323,1.0000000000000213,0.13874253331488447E-2,0.76965608230194452E-3,0.0000000000000000,-0.46988817159061015E-5,0.25960263879041660E-4,0.17609757434012335E-5,0.0000000000000000,0.10304596462683450E-5,0.0000000000000000,0.23203671981002224E-7,0.0000000000000000
